{"cameraMode":{"drawMode":0,"name":"Shaded","section":"Shading Mode"},"sceneLighting":true,"audioPlay":false,"sceneViewState":{"showFog":true,"showMaterialUpdate":true,"showSkybox":true,"showFlares":true,"showImageEffects":true,"showParticleSystems":true},"in2DMode":false,"pivot":{"x":-0.3384643793106079,"y":0.9074878692626953,"z":0.8838328719139099},"rotation":{"x":-0.24231626093387605,"y":0.020952466875314714,"z":-0.00523380609229207,"w":-0.9699620604515076},"size":6.919120788574219,"orthographic":false}